Title,Phase,Pillar
Dynamics CRM Build & Configuration,Month 1 — Foundation,Dynamics CRM
Client Data Audit & Migration,Month 1 — Foundation,Dynamics CRM
Healthy Wealthy & Wise — Dynamics Build,Month 3 — Advisory Layer,Dynamics CRM
Job Scheduling Engine,Month 2 — Core Engine,Process & System Automation
AI-Generated Personalised Client Checklists,Month 2 — Core Engine,Process & System Automation
Client Query & Document Collection System,Month 2 — Core Engine,Process & System Automation
Pre-Start Validation Check,Month 2 — Core Engine,Process & System Automation
Document Compilation Signing & Client Output,Month 2-3 — Quality Layer,Process & System Automation
Quarterly Meeting & Advisory System,Month 3 — Advisory Layer,Process & System Automation
ATO Lodgement Automation,Month 2-3 — Quality Layer,Integration with Government Agencies
ATO Compliance Monitoring & Debt Alerts,Month 3 — Advisory Layer,Integration with Government Agencies
ASIC & Other Agency Integrations,Month 3 — Advisory Layer,Integration with Government Agencies
Workflow Documentation — All Core Job Types,Month 1 — Foundation,Technical Know-How
AI First-Level Review System,Month 2-3 — Quality Layer,Technical Know-How
Human Review Workflow (Technical + Commercial),Month 2-3 — Quality Layer,Technical Know-How
AI-Assisted Meeting Preparation & Cross-Referral Prompts,Month 3 — Advisory Layer,Technical Know-How
